,EM,MRR,BERTScore F1
FLAN-T5 Fine-tuned,34.32942863973225,0.3432942863973225,71.78597450256348
